1;ion;ion@gmail.com;parola;Ion;Popescu;1126472400000;inginer;5
2;vasile;vasile@gmail.com;parola;Vasile;Georgescu;978307200000;profesor;6
3;vasile;vasile@gmail.com;parola;Vasile;Georgescu;978307200000;profesor;6
4;elena;elena@gmail.com;parola;Elena;Stan;1009843200000;contabil;8
5;gheorghe;gheorghe@gmail.com;parola;Gheorghe;Dumitru;1041379200000;sofer;4
6;ana;ana@gmail.com;parola;Ana;Marin;1072915200000;avocat;9
7;florin;florin@gmail.com;parola;Florin;Pop;1104537600000;programator;5
8;camelia;camelia@gmail.com;parola;Camelia;Radu;1136073600000;arhitect;6
9;mircea;mircea@gmail.com;parola;Mircea;Ilie;1167609600000;medic;7
10;paula;paula@gmail.com;parola;Paula;Matei;1199145600000;economist;8
21;test1;test@gmail.com;parola;mihai;ioan;1126472400000;n/a;10
22;test2;test2@gmail.com;parola;ion2;ion3;1126472400000;n/a;7
